City_ID,City,Country,Lat,Lng,Max Temp,Humidity,Cloudiness,Wind Speed,Current Description
0,Dubbo,AU,-32.25,148.6167,66.33,42,40,18.41,scattered clouds
1,Atuona,PF,-9.8,-139.0333,77.76,78,54,19.17,broken clouds
2,Port Blair,IN,11.6667,92.75,81.77,83,100,12.53,overcast clouds
3,Ushuaia,AR,-54.8,-68.3,37.06,75,75,16.11,broken clouds
4,Huarmey,PE,-10.0681,-78.1522,63.7,85,87,9.6,overcast clouds
5,New Norfolk,AU,-42.7826,147.0587,54.75,38,6,3.6,clear sky
6,Klaksvik,FO,62.2266,-6.589,52.72,94,100,30.2,overcast clouds
7,Kodiak,US,57.79,-152.4072,42.17,65,41,7.25,scattered clouds
8,Los Llanos De Aridane,ES,28.6585,-17.9182,69.55,85,20,6.91,few clouds
9,Arraial Do Cabo,BR,-22.9661,-42.0278,70.43,80,100,26.6,overcast clouds
10,Hilo,US,19.7297,-155.09,82.13,83,75,11.5,broken clouds
11,Hobart,AU,-42.8794,147.3294,55.11,54,20,1.01,few clouds
12,Tevaitoa,PF,-16.7833,-151.5,79.23,72,1,8.1,clear sky
13,Rikitea,PF,-23.1203,-134.9692,73.78,76,95,16.17,overcast clouds
14,Lagoa,PT,39.05,-27.9833,69.91,84,100,7.25,overcast clouds
15,Pacifica,US,37.6138,-122.4869,67.71,86,20,1.01,few clouds
16,Ilulissat,GL,69.2167,-51.1,17.62,62,0,5.75,clear sky
17,Kempele,FI,64.9131,25.5034,44.62,93,90,3.44,overcast clouds
18,Aloleng,PH,16.1307,119.7824,84.67,68,5,3.29,clear sky
19,Tadine,NC,-21.55,167.8833,72.9,55,23,10.98,few clouds
20,Ancud,CL,-41.8697,-73.8203,40.53,68,4,6.42,clear sky
21,Fairview,US,40.8126,-73.999,67.23,74,1,0.0,clear sky
22,Korla,CN,41.7597,86.1469,63.05,24,6,1.32,clear sky
23,Chokurdakh,RU,70.6333,147.9167,33.31,98,100,13.0,light snow
24,Galeana,MX,24.8333,-100.0667,62.31,94,71,2.93,broken clouds
25,Sobolevo,RU,54.4299,31.8996,47.97,90,100,11.68,overcast clouds
26,San Patricio,US,28.017,-97.5169,77.85,57,10,7.65,clear sky
27,Fort Nelson,CA,58.8053,-122.7002,53.19,47,75,5.75,broken clouds
28,Saint Anthony,US,45.0205,-93.218,60.42,56,1,1.01,clear sky
29,Mae Sai,TH,20.4335,99.8762,74.52,96,91,1.79,overcast clouds
30,Upernavik,GL,72.7868,-56.1549,19.33,67,0,5.41,clear sky
31,Tuktoyaktuk,CA,69.4541,-133.0374,33.8,100,90,13.8,light snow
32,Vostok,RU,46.4856,135.8833,61.81,52,31,1.95,scattered clouds
33,Shakawe,BW,-18.3667,21.85,62.46,16,0,4.97,clear sky
34,Mar Del Plata,AR,-38.0023,-57.5575,57.09,63,0,5.99,clear sky
35,Griffith,US,41.5284,-87.4237,66.06,46,40,1.01,scattered clouds
36,Kamen-Na-Obi,RU,53.7884,81.3423,34.5,76,97,12.95,overcast clouds
37,Cidreira,BR,-30.1811,-50.2056,62.85,91,1,9.57,clear sky
38,Mataura,NZ,-46.1927,168.8643,47.48,82,56,6.91,broken clouds
39,Castro,BR,-24.7911,-50.0119,58.64,91,13,5.28,few clouds
40,Yaan,NG,7.3833,8.5667,69.66,98,100,3.56,overcast clouds
41,Saint-Philippe,RE,-21.3585,55.7679,67.55,86,57,14.12,light rain
42,Vao,NC,-22.6667,167.4833,68.14,60,100,10.78,overcast clouds
43,Cherskiy,RU,68.75,161.3,33.13,97,100,13.29,light snow
44,College,US,64.8569,-147.8028,35.58,88,75,0.0,light snow
45,Neosho,US,36.869,-94.368,64.54,77,11,5.99,few clouds
46,Asau,RO,46.4333,26.4,54.75,85,0,5.3,clear sky
47,Albany,US,42.6001,-73.9662,60.58,89,100,1.81,overcast clouds
48,Ostrovnoy,RU,68.0531,39.5131,45.27,82,100,4.14,overcast clouds
49,Bathsheba,BB,13.2167,-59.5167,79.41,89,40,4.61,scattered clouds
50,Punta Arenas,CL,-53.15,-70.9167,37.51,81,40,6.91,scattered clouds
51,Jamestown,US,42.097,-79.2353,57.52,91,1,5.99,clear sky
52,Zhangjiakou,CN,40.81,114.8794,62.11,76,100,5.91,light rain
53,Talnakh,RU,69.4865,88.3972,33.82,63,99,1.97,overcast clouds
54,Vigia,BR,-0.8583,-48.1417,77.05,89,100,9.66,overcast clouds
55,Mount Isa,AU,-20.7333,139.5,91.17,12,6,6.91,clear sky
56,Tumaco,CO,1.7986,-78.8156,77.25,87,100,6.82,overcast clouds
57,Kuzhener,RU,56.8111,48.9128,40.32,96,100,2.06,overcast clouds
58,Thompson,CA,55.7435,-97.8558,48.36,81,90,3.44,overcast clouds
59,Alta Floresta,BR,-9.8756,-56.0861,78.01,65,77,2.89,broken clouds
60,Rupert,US,42.6191,-113.6772,69.24,37,1,0.0,clear sky
61,Kapaa,US,22.0752,-159.319,84.18,72,75,1.99,light rain
62,Nanortalik,GL,60.1432,-45.2371,37.44,75,3,4.99,clear sky
63,Ponta Do Sol,PT,32.6667,-17.1,70.72,77,100,4.45,overcast clouds
64,Tessalit,ML,20.1986,1.0114,84.24,11,0,12.1,clear sky
65,Xining,CN,36.6167,101.7667,57.74,62,100,4.56,overcast clouds
66,Taltal,CL,-25.4,-70.4833,63.21,67,9,6.71,clear sky
67,Hermanus,ZA,-34.4187,19.2345,58.89,88,79,6.64,light rain
68,Palmer,US,42.1584,-72.3287,64.96,84,40,0.0,scattered clouds
69,Husavik,IS,66.0449,-17.3389,39.11,94,100,21.83,overcast clouds
70,Kavieng,PG,-2.5744,150.7967,83.86,76,34,11.83,light rain
71,Bluff,NZ,-46.6,168.3333,47.8,56,73,15.48,broken clouds
72,Itanhem,BR,-17.1664,-40.33,65.1,83,96,6.17,overcast clouds
73,Longyearbyen,SJ,78.2186,15.6401,39.04,87,75,6.91,light intensity drizzle
74,Cape Town,ZA,-33.9258,18.4232,59.41,90,75,5.75,broken clouds
75,Carnarvon,AU,-24.8667,113.6333,73.47,49,40,13.8,scattered clouds
76,Pedernales,DO,18.0384,-71.744,82.11,77,82,4.34,broken clouds
77,Caravelas,BR,-17.7125,-39.2481,70.79,72,31,7.43,scattered clouds
78,Seguela,CI,7.9611,-6.6731,71.31,95,100,3.6,light rain
79,Dzhida,RU,50.6772,106.1806,39.07,86,100,5.79,overcast clouds
80,Luderitz,NA,-26.6481,15.1594,61.12,49,9,13.8,clear sky
81,Bredasdorp,ZA,-34.5322,20.0403,60.12,82,76,5.75,broken clouds
82,Ornskoldsvik,SE,63.2909,18.7153,40.15,87,35,6.91,scattered clouds
83,Bray,IE,53.2028,-6.0983,62.08,88,91,10.51,overcast clouds
84,Kande,TG,9.9578,1.0447,73.76,90,96,2.86,overcast clouds
85,San Cosme Y Damian,PY,-27.3167,-56.35,66.38,78,0,6.04,clear sky
86,West Point,US,33.6076,-88.6503,64.0,97,1,0.0,clear sky
87,Cayenne,GF,4.9333,-52.3333,83.08,83,56,1.99,broken clouds
88,Nelson Bay,AU,-32.7167,152.15,60.85,87,100,3.0,light rain
89,Dalbandin,PK,28.8947,64.4101,76.32,9,6,2.98,clear sky
90,Puerto Ayora,EC,-0.7393,-90.3518,69.42,90,92,8.1,overcast clouds
91,Beloha,MG,-25.1667,45.05,66.18,77,0,6.29,clear sky
92,Yulara,AU,-25.2406,130.9889,84.04,10,2,17.27,clear sky
93,Roberval,CA,48.5168,-72.2324,56.03,88,90,3.44,overcast clouds
94,Cravo Norte,CO,6.3017,-70.2041,76.37,86,16,4.97,few clouds
95,Xinyang,CN,32.1228,114.0656,69.21,93,100,8.43,overcast clouds
96,Saldanha,ZA,-33.0117,17.9442,59.05,95,7,5.7,clear sky
97,Clyde River,CA,70.4692,-68.5914,26.85,90,12,6.02,few clouds
98,Ahipara,NZ,-35.1667,173.1667,60.04,86,100,7.65,overcast clouds
99,Chuy,UY,-33.6971,-53.4616,57.04,97,58,3.71,broken clouds
100,Elverum,NO,60.8819,11.5623,41.92,86,36,2.53,scattered clouds
101,Souillac,MU,-20.5167,57.5167,71.98,78,75,13.8,broken clouds
102,Port Alfred,ZA,-33.5906,26.891,61.18,71,16,11.9,few clouds
103,Ribeira Grande,PT,38.5167,-28.7,71.44,84,100,0.45,overcast clouds
104,Tasiilaq,GL,65.6145,-37.6368,37.56,61,99,7.58,overcast clouds
105,Ponta Delgada,PT,37.7333,-25.6667,72.5,94,40,10.36,scattered clouds
106,Iqaluit,CA,63.7506,-68.5145,33.53,74,90,10.0,overcast clouds
107,Mairi,BR,-11.7114,-40.1489,65.46,84,0,5.95,clear sky
108,Yellowknife,CA,62.456,-114.3525,43.29,85,40,1.99,scattered clouds
109,Busselton,AU,-33.65,115.3333,62.04,77,63,3.42,broken clouds
110,Viedma,AR,-40.8135,-62.9967,65.66,26,81,11.5,broken clouds
111,Buala,SB,-8.145,159.5921,85.68,69,35,6.67,light rain
112,Hargeysa,SO,9.56,44.065,70.56,58,52,16.42,broken clouds
113,Saint-Pierre,RE,-21.3393,55.4781,67.64,72,75,3.44,broken clouds
114,Oistins,BB,13.0667,-59.5333,78.89,89,40,4.61,scattered clouds
115,Bayan,CN,46.0833,127.4,61.84,85,99,6.87,overcast clouds
116,Pochutla,MX,15.7432,-96.4661,78.82,91,98,3.47,overcast clouds
117,Skjervoy,NO,70.0311,20.9714,46.94,77,24,10.36,few clouds
118,Marzuq,YE,14.4,46.4667,75.22,36,79,2.57,broken clouds
119,Khatanga,RU,71.9667,102.5,31.78,82,94,12.06,overcast clouds
120,Dingle,PH,10.9995,122.6711,85.66,71,45,4.76,scattered clouds
121,Mahon,ES,39.8885,4.2658,75.76,94,75,3.44,broken clouds
122,Kavaratti,IN,10.5669,72.642,81.19,80,88,17.98,overcast clouds
123,Khandyga,RU,62.6667,135.6,41.79,87,99,4.54,overcast clouds
124,Soure,BR,-0.7167,-48.5233,80.06,81,99,11.52,overcast clouds
125,San Cristobal,VE,7.7669,-72.225,77.18,98,70,3.74,broken clouds
126,Lethem,GY,3.3803,-59.7968,80.62,65,85,4.5,overcast clouds
127,Zyryanka,RU,65.75,150.85,37.96,70,96,16.24,overcast clouds
128,Ferrol,ES,43.4832,-8.2369,66.36,80,56,9.42,broken clouds
129,Yerbogachen,RU,61.2767,108.0108,40.62,60,100,15.48,overcast clouds
130,Cabo San Lucas,MX,22.8909,-109.9124,85.6,72,31,5.99,scattered clouds
131,Comodoro Rivadavia,AR,-45.8667,-67.5,40.86,81,90,16.11,light rain
132,Tahta,EG,26.7693,31.5021,70.12,48,5,8.3,clear sky
133,Mahajanga,MG,-15.7167,46.3167,69.82,64,20,5.75,few clouds
134,Karratha,AU,-20.7377,116.8463,81.36,27,0,14.41,clear sky
135,Provideniya,RU,64.3833,-173.3,34.14,89,94,3.02,overcast clouds
136,Saint George,US,37.1041,-113.5841,86.63,25,1,1.01,clear sky
137,Darbhanga,IN,26.1667,85.9,84.24,73,99,6.53,overcast clouds
138,Qrendi,MT,35.8347,14.4583,75.11,83,20,6.91,few clouds
139,Yuncheng,CN,35.0231,110.9928,63.43,95,100,2.33,overcast clouds
140,Nantucket,US,41.2835,-70.0995,69.01,95,0,9.57,clear sky
141,Grand Gaube,MU,-20.0064,57.6608,72.0,77,12,8.01,few clouds
142,Butaritari,KI,3.0707,172.7902,82.94,75,12,10.74,light rain
143,Le Port,RE,-20.9373,55.2919,67.96,76,10,8.05,clear sky
144,Kitzingen,DE,49.7333,10.1667,63.95,90,64,3.13,broken clouds
145,Dezhou,CN,37.4486,116.2925,65.59,97,100,9.15,light rain
146,East London,ZA,-33.0153,27.9116,64.8,52,73,12.59,broken clouds
147,Itarema,BR,-2.9248,-39.9167,78.84,77,11,18.39,few clouds
148,Mahebourg,MU,-20.4081,57.7,71.89,78,75,13.8,broken clouds
149,Axim,GH,4.8699,-2.2405,75.94,89,100,4.7,light rain
150,Moquegua,PE,-17.1956,-70.9353,66.45,43,0,1.1,clear sky
151,Corlu,TR,41.1592,27.8,55.38,94,0,4.61,clear sky
152,Pareora,NZ,-44.4871,171.2132,47.17,85,100,4.56,overcast clouds
153,Port Keats,AU,-14.25,129.55,87.71,50,7,8.99,clear sky
154,Dikson,RU,73.5069,80.5464,35.44,86,100,19.22,overcast clouds
155,Bara,NG,10.3744,10.7288,71.35,91,43,6.46,scattered clouds
156,Luganville,VU,-15.5333,167.1667,78.46,84,63,11.56,broken clouds
157,Mpika,ZM,-11.8343,31.4529,58.71,70,1,5.84,clear sky
158,Esperance,AU,-33.8667,121.9,70.27,45,25,13.62,scattered clouds
159,Cockburn Town,TC,21.4612,-71.1419,83.08,72,0,9.46,clear sky
160,Vestmannaeyjar,IS,63.4427,-20.2734,41.0,75,100,5.39,overcast clouds
161,Kaitangata,NZ,-46.2817,169.8464,45.73,71,97,10.85,overcast clouds
162,Banepa,NP,27.6298,85.5214,71.92,83,40,0.0,scattered clouds
163,Jacareacanga,BR,-6.2222,-57.7528,71.04,91,86,0.6,overcast clouds
164,Terney,RU,45.0503,136.6092,66.25,53,100,3.15,overcast clouds
165,Otjiwarongo,NA,-20.4637,16.6477,63.55,17,5,4.34,clear sky
166,Porto Novo,BJ,6.4965,2.6036,73.22,89,100,3.78,light rain
167,Port Elizabeth,ZA,-33.918,25.5701,61.09,72,0,10.36,clear sky
168,Mount Gambier,AU,-37.8333,140.7667,57.16,46,10,4.27,clear sky
169,Sibolga,ID,1.7427,98.7792,81.73,79,98,0.43,overcast clouds
170,Lasa,IT,46.6166,10.7002,60.03,94,47,2.48,scattered clouds
171,Bengkulu,ID,-3.8004,102.2655,74.39,95,100,5.99,overcast clouds
172,Krasnokamensk,RU,50.0979,118.0369,56.34,90,100,10.87,overcast clouds
173,Kirakira,SB,-10.4544,161.9205,84.42,74,54,9.98,broken clouds
174,Hambantota,LK,6.1241,81.1185,80.94,89,40,11.5,scattered clouds
175,North Bend,US,43.4065,-124.2243,59.92,94,90,5.75,overcast clouds
176,Newport,GB,51.5877,-2.9984,60.08,91,100,4.76,overcast clouds
177,Tuatapere,NZ,-46.1333,167.6833,47.82,70,77,11.25,broken clouds
178,Barrow,US,71.2906,-156.7887,26.62,86,90,4.61,overcast clouds
179,Edgecumbe,NZ,-37.9833,176.8333,64.08,85,83,4.85,light rain
180,Sri Aman,MY,1.2376,111.4621,84.25,79,20,3.44,few clouds
181,Georgetown,MY,5.4112,100.3354,85.95,73,20,6.91,few clouds
182,Pangnirtung,CA,66.1451,-65.7125,34.56,56,93,4.29,overcast clouds
183,Westport,US,41.1415,-73.3579,67.75,87,40,1.99,scattered clouds
184,Yunhe,CN,34.0833,119.7167,78.31,68,100,11.68,light rain
185,Usinsk,RU,65.9939,57.5281,37.08,75,100,7.7,overcast clouds
186,Tecoanapa,MX,16.5167,-98.75,81.18,83,100,3.69,overcast clouds
187,Koumac,NC,-20.5667,164.2833,74.71,64,24,10.16,few clouds
188,Creel,MX,27.75,-107.6333,54.21,89,33,4.59,scattered clouds
189,Nueve De Julio,AR,-35.4444,-60.8831,57.7,81,1,9.8,clear sky
190,Arlit,NE,18.7369,7.3853,85.8,13,0,7.96,clear sky
191,Lumberton,US,34.6182,-79.0086,65.21,51,24,2.86,few clouds
192,Lavrentiya,RU,65.5833,-171.0,33.22,81,99,3.02,overcast clouds
193,Dir,PK,35.2058,71.8756,67.42,60,0,4.0,clear sky
194,Charters Towers,AU,-20.1,146.2667,85.3,28,0,8.16,clear sky
195,Janauba,BR,-15.8025,-43.3089,74.71,42,0,8.12,clear sky
196,Rabo De Peixe,PT,37.8,-25.5833,71.28,84,40,10.36,scattered clouds
197,Rawson,AR,-43.3002,-65.1023,60.91,29,76,31.59,broken clouds
198,Sao Joao Da Barra,BR,-21.6403,-41.0511,71.96,76,40,21.68,scattered clouds
199,Te Anau,NZ,-45.4167,167.7167,44.33,71,83,4.27,broken clouds
200,Olyka,UA,50.7186,25.8125,58.93,87,100,10.74,overcast clouds
201,Bethel,US,41.3712,-73.414,62.91,90,1,3.44,clear sky
202,Port Augusta,AU,-32.5,137.7667,70.7,22,3,10.69,clear sky
203,Vaini,TO,-21.2,-175.2,75.36,88,75,8.05,broken clouds
204,Teahupoo,PF,-17.8333,-149.2667,67.96,76,15,11.16,light rain
205,Muros,ES,42.7762,-9.0603,65.23,90,42,7.05,scattered clouds
206,Severo-Kurilsk,RU,50.6789,156.125,49.41,83,76,12.01,broken clouds
207,Pevek,RU,69.7008,170.3133,30.33,97,100,11.59,light snow
208,Nikolskoye,RU,59.7035,30.7861,48.09,93,100,8.61,overcast clouds
209,Ryotsu,JP,38.0833,138.4333,73.36,88,100,11.21,moderate rain
210,Sechura,PE,-5.5569,-80.8222,64.9,82,84,13.04,broken clouds
211,Jalu,LY,29.0331,21.5482,69.58,46,0,6.06,clear sky
212,Siteki,SZ,-26.45,31.95,57.74,81,4,4.54,clear sky
213,Qaanaaq,GL,77.484,-69.3632,20.3,69,98,6.49,overcast clouds
214,Piracaia,BR,-23.0539,-46.3581,64.54,96,18,3.6,few clouds
215,Sao Felix Do Xingu,BR,-6.6447,-51.995,76.82,67,56,1.83,broken clouds
216,Airai,TL,-8.9266,125.4092,79.16,32,71,2.75,broken clouds
217,Keti Bandar,PK,24.1447,67.4497,81.7,82,40,4.63,scattered clouds
218,Alofi,NU,-19.0595,-169.9187,78.69,53,13,5.75,few clouds
219,Tanete,ID,-3.9443,119.7848,86.47,64,44,9.31,scattered clouds
220,Hithadhoo,MV,-0.6,73.0833,81.54,76,100,16.42,overcast clouds
221,Neuquen,AR,-38.9516,-68.0591,58.89,41,0,16.11,clear sky
222,Maxixe,MZ,-23.8597,35.3472,66.61,89,0,5.44,clear sky
223,Tanah Merah,MY,5.8,102.15,84.02,85,95,1.21,overcast clouds
224,Tommot,RU,58.9564,126.2925,45.57,58,98,9.55,overcast clouds
225,Gawler,AU,-34.6,138.7333,65.25,46,0,11.48,clear sky
226,Miles City,US,46.4083,-105.8406,81.57,19,1,4.61,clear sky
227,Razdolnoye,RU,43.55,131.9167,64.81,93,100,3.83,overcast clouds
228,Niquero,CU,20.0431,-77.5828,80.96,79,6,3.06,clear sky
229,Hamilton,US,39.1834,-84.5333,57.72,79,1,0.0,clear sky
230,Bridgewater,CA,44.3835,-64.5155,67.26,96,100,3.0,overcast clouds
231,Nicoya,CR,10.1483,-85.452,76.55,94,100,2.44,overcast clouds
232,Takapau,NZ,-40.0333,176.35,57.18,69,90,6.91,overcast clouds
233,Den Helder,NL,52.9599,4.7593,62.58,88,90,6.91,mist
234,Byumba,RW,-1.5763,30.0675,53.8,78,100,1.88,overcast clouds
235,Sitka,US,57.0531,-135.33,51.69,71,90,4.61,overcast clouds
236,Lebu,CL,-37.6167,-73.65,47.66,85,22,9.06,few clouds
237,Kukushtan,RU,57.6464,56.4952,47.82,66,100,11.59,light rain
238,Iralaya,HN,15.0,-83.2333,77.07,82,100,1.74,overcast clouds
239,Rio Gallegos,AR,-51.6226,-69.2181,33.85,75,0,10.36,clear sky
240,Inhambane,MZ,-23.865,35.3833,67.91,87,0,6.31,clear sky
241,Littleton,US,39.6133,-105.0166,77.94,29,20,1.01,few clouds
242,Challapata,BO,-18.9,-66.7667,53.24,25,0,2.68,clear sky
243,Berlevag,NO,70.8578,29.0864,46.17,87,100,10.31,overcast clouds
244,Marolambo,MG,-20.05,48.1167,62.73,98,98,1.63,light rain
245,Disna,BY,55.568,28.1971,45.97,95,70,10.87,broken clouds
246,Tilichiki,RU,60.4667,166.1,46.42,77,100,12.08,overcast clouds
247,Torbay,CA,47.6666,-52.7314,47.26,89,75,9.22,broken clouds
248,Mehamn,NO,71.0357,27.8492,46.4,86,99,15.21,overcast clouds
249,Alice Town,BS,25.7167,-79.3,83.73,69,100,9.69,overcast clouds
250,Bontang,ID,0.1333,117.5,81.1,81,46,2.91,scattered clouds
251,Codrington,AU,-38.2667,141.9667,55.92,55,37,5.46,scattered clouds
252,Narsaq,GL,60.9167,-46.05,34.02,55,0,6.6,clear sky
253,Puerto Del Rosario,ES,28.5004,-13.8627,71.35,78,0,12.66,clear sky
254,Sakaiminato,JP,35.55,133.2333,75.13,83,75,6.91,broken clouds
255,Yar-Sale,RU,66.8333,70.8333,32.79,83,9,7.07,clear sky
256,Heinola,FI,61.2056,26.0381,46.49,88,84,10.45,broken clouds
257,San Luis,AR,-33.295,-66.3356,67.64,34,1,5.73,clear sky
258,Sambava,MG,-14.2667,50.1667,69.26,81,55,12.93,light rain
259,Wanning,CN,18.8003,110.3967,79.99,84,99,7.92,overcast clouds
260,Okoneshnikovo,RU,54.8377,75.0834,30.7,89,7,7.61,clear sky
261,Antalaha,MG,-14.9003,50.2788,68.65,86,46,8.63,light rain
262,Ngorongoro,TZ,-3.2397,35.4875,47.34,91,27,5.48,scattered clouds
263,Lensk,RU,60.7253,114.9278,38.21,76,100,14.18,light rain
264,San Carlos,VE,9.6612,-68.5827,72.99,96,4,2.64,clear sky
265,Amol,IR,36.4696,52.3507,70.74,87,97,1.66,overcast clouds
266,Teguise,ES,29.0605,-13.564,66.42,78,0,8.05,clear sky
267,Altay,CN,47.8667,88.1167,42.39,36,93,2.82,overcast clouds
268,Santa Rosa,PH,14.3122,121.1114,88.86,62,100,5.97,overcast clouds
269,Leh,IN,34.1667,77.5833,52.34,37,11,5.17,few clouds
270,Luziania,BR,-16.2525,-47.9503,71.29,37,91,6.64,overcast clouds
271,Banamba,ML,13.55,-7.45,77.16,70,100,4.41,overcast clouds
272,San Quintin,MX,30.4833,-115.95,68.68,82,45,12.26,scattered clouds
273,Luwero,UG,0.8492,32.4731,62.08,99,73,2.33,broken clouds
274,Imeni Poliny Osipenko,RU,52.4201,136.4853,61.63,56,46,1.32,scattered clouds
275,Faanui,PF,-16.4833,-151.75,79.21,73,0,7.7,light rain
276,Saint-Francois,FR,46.4154,3.9054,60.48,93,100,3.44,moderate rain
277,Shakiso,ET,5.75,38.9167,56.77,87,85,1.07,overcast clouds
278,Sistranda,NO,63.7256,8.834,49.96,83,100,11.68,overcast clouds
279,Hasaki,JP,35.7333,140.8333,72.28,56,99,10.6,light rain
280,Shieli,KZ,44.1667,66.75,67.21,16,12,5.93,few clouds
281,Lakhimpur,IN,27.95,80.7667,79.29,81,100,1.95,overcast clouds
282,Plouzane,FR,48.3833,-4.6167,59.32,94,75,3.44,broken clouds
283,Tigre,AR,-34.426,-58.5796,64.4,79,0,6.91,clear sky
284,Gamboma,CG,-1.8764,15.8644,73.83,79,52,2.46,broken clouds
285,Vila Velha,BR,-20.3297,-40.2925,71.55,73,75,5.75,broken clouds
286,Walvis Bay,NA,-22.9575,14.5053,54.09,100,6,8.05,clear sky
287,Lewiston,US,44.1003,-70.2148,66.54,98,90,3.44,overcast clouds
288,Roebourne,AU,-20.7833,117.1333,82.74,24,0,13.87,clear sky
289,Victoria,HK,22.2855,114.1577,86.97,76,5,1.01,light rain
290,Ust-Uda,RU,54.1742,103.0304,41.11,56,49,5.93,scattered clouds
291,Malanje,AO,-9.5402,16.341,65.89,77,7,5.91,clear sky
292,Velyka Oleksandrivka,UA,47.3197,33.3037,54.82,76,45,9.91,scattered clouds
293,Najran,SA,17.4924,44.1277,68.65,20,4,4.09,clear sky
294,Catamarca,AR,-28.4696,-65.7852,70.59,26,0,17.0,clear sky
295,Vanersborg,SE,58.3807,12.3234,49.8,99,75,3.44,fog
296,Acapulco,MX,16.8634,-99.8901,80.87,84,98,4.25,overcast clouds
297,Avarua,CK,-21.2078,-159.775,77.05,73,90,9.22,light rain
298,Gboko,NG,7.3179,8.9951,70.23,97,100,3.78,overcast clouds
299,Tateyama,JP,34.9833,139.8667,73.09,59,93,13.87,moderate rain
300,Tiksi,RU,71.6872,128.8694,33.51,85,100,20.8,overcast clouds
301,Awbari,LY,26.5921,12.7805,74.44,37,0,8.25,clear sky
302,East Stroudsburg,US,40.9995,-75.1813,61.57,93,100,2.98,overcast clouds
303,Haines Junction,CA,60.7522,-137.5108,40.95,52,100,8.05,overcast clouds
304,Outjo,NA,-20.1167,16.15,68.0,19,5,4.36,clear sky
305,Oussouye,SN,12.485,-16.5469,78.98,85,89,3.67,overcast clouds
306,Komsomolskiy,UZ,40.4272,71.7189,61.52,36,0,4.61,clear sky
307,Oshikango,NA,-17.4,15.8833,67.89,18,0,8.72,clear sky
308,Bani Walid,LY,31.7566,13.9942,66.67,77,0,5.06,clear sky
309,Sarmanovo,RU,55.2553,52.5891,45.28,80,100,2.71,overcast clouds
310,Yatou,CN,37.15,122.3833,71.01,82,100,5.68,light rain
311,Tiarei,PF,-17.5333,-149.3333,73.42,75,3,9.57,light rain
312,Danane,CI,7.2596,-8.155,70.74,100,100,1.61,light rain
313,Aklavik,CA,68.2191,-135.0107,34.52,96,100,16.64,light snow
314,Colares,PT,38.7992,-9.4469,64.33,76,100,1.01,overcast clouds
315,Leningradskiy,RU,69.3833,178.4167,30.9,77,100,5.64,overcast clouds
316,Richards Bay,ZA,-28.783,32.0377,68.13,75,7,12.33,clear sky
317,Urumqi,CN,43.801,87.6005,47.35,43,0,2.24,clear sky
318,Toora-Khem,RU,52.4675,96.11,35.13,53,100,2.82,overcast clouds
319,Chacaltianguis,MX,18.3333,-95.8333,74.46,89,38,5.28,scattered clouds
320,Floro,NO,61.5996,5.0328,57.96,82,90,9.22,overcast clouds
321,Springdale,US,36.1867,-94.1288,64.51,64,1,0.0,clear sky
322,Puerto Escondido,MX,15.85,-97.0667,78.96,93,100,7.29,overcast clouds
323,Moyale,KE,3.5167,39.0584,65.19,82,79,10.16,light rain
324,Misratah,LY,32.3754,15.0925,74.77,65,0,10.13,clear sky
325,San Julian,MX,21.0167,-102.1667,63.7,64,80,5.5,broken clouds
326,Ossora,RU,59.2353,163.0719,50.29,71,88,9.13,overcast clouds
327,Galle,LK,6.0367,80.217,80.74,85,97,15.19,overcast clouds
328,Tornio,FI,65.8481,24.1466,37.42,92,94,4.88,overcast clouds
329,Aktash,RU,50.3,87.7333,27.48,46,100,3.44,overcast clouds
330,Tairua,NZ,-37.0167,175.85,64.09,68,96,7.81,light rain
331,Inndyr,NO,67.0338,14.0276,44.94,77,94,8.75,light rain
332,Honiara,SB,-9.4333,159.95,85.06,74,86,5.3,overcast clouds
333,Kruisfontein,ZA,-34.0033,24.7314,56.61,74,7,6.85,clear sky
334,Dickinson,US,29.4608,-95.0513,77.95,74,1,5.75,clear sky
335,Guatire,VE,10.4762,-66.5427,81.1,95,21,3.36,few clouds
336,Mokolo,CM,10.7398,13.8019,71.73,71,100,4.45,overcast clouds
337,Saskylakh,RU,71.9167,114.0833,32.95,89,100,17.47,overcast clouds
338,Bergerac,FR,44.8333,0.5,62.82,100,99,3.44,light rain
339,Havoysund,NO,70.9963,24.6622,45.48,86,35,19.28,scattered clouds
340,Bukama,CD,-9.2,25.85,73.85,37,52,0.63,broken clouds
341,Padang,ID,-0.9492,100.3543,86.05,82,97,1.39,overcast clouds
342,Povenets,RU,62.8487,34.8262,47.01,93,100,7.96,light rain
343,Pacific Grove,US,36.6177,-121.9166,67.28,87,90,3.0,overcast clouds
344,Nadvirna,UA,48.6348,24.5694,50.9,77,11,7.07,few clouds
345,Norman Wells,CA,65.282,-126.8329,33.84,93,75,17.27,light snow
346,Brae,GB,60.3964,-1.353,53.51,96,72,12.62,broken clouds
347,Mogadishu,SO,2.0371,45.3438,77.56,85,86,17.69,overcast clouds
348,Constitucion,CL,-35.3333,-72.4167,50.94,91,0,7.63,clear sky
349,Aguililla,MX,18.7333,-102.7333,68.43,94,100,1.59,overcast clouds
350,Saint Augustine,US,29.8947,-81.3145,78.03,81,1,5.75,clear sky
351,Columbia,US,34.0007,-81.0348,64.89,85,1,0.0,clear sky
352,Pasighat,IN,28.0667,95.3333,84.61,63,21,1.14,few clouds
353,Mayo,US,38.8876,-76.5119,66.58,85,1,0.0,clear sky
354,Mmathubudukwane,BW,-24.6,26.4333,63.46,41,2,5.86,clear sky
355,Novyy Urgal,RU,51.0736,132.5642,59.85,62,52,1.28,broken clouds
356,Sarangani,PH,5.4033,125.4636,83.41,70,83,2.19,broken clouds
357,Vardo,NO,70.3705,31.1107,46.26,87,86,8.66,overcast clouds
358,Daru,PG,-9.0763,143.2092,79.61,88,46,14.92,scattered clouds
359,Urusha,RU,54.05,122.9,56.35,76,100,11.21,overcast clouds
360,Yura,PE,-16.2522,-71.6797,57.72,17,0,2.3,clear sky
361,San Jeronimo,PE,-11.9472,-75.2829,50.9,72,65,3.04,broken clouds
362,Ketchikan,US,55.3422,-131.6461,53.58,71,20,4.61,few clouds
363,Camacupa,AO,-12.0167,17.4833,61.77,25,0,0.94,clear sky
364,Liverpool,GB,53.4106,-2.9779,63.63,87,20,3.0,few clouds
365,Neryungri,RU,56.6709,124.6491,49.26,61,73,8.16,broken clouds
366,Morlaix,FR,48.5833,-4.0,59.32,94,90,3.44,mist
367,Cubulco,GT,15.1333,-90.5833,72.64,97,86,3.49,overcast clouds
368,Lata,PT,40.1629,-8.3327,61.81,96,59,2.21,broken clouds
369,Strezhevoy,RU,60.7333,77.5889,33.78,88,39,8.75,scattered clouds
370,Harper,LR,4.375,-7.7169,76.95,88,100,9.69,moderate rain
371,Jiuquan,CN,39.7432,98.5174,55.15,27,0,5.53,clear sky
372,Tabat,ID,-2.635,115.2274,87.21,68,78,1.32,broken clouds
373,Lorengau,PG,-2.0226,147.2712,86.11,65,42,7.96,scattered clouds
374,Ramhormoz,IR,31.28,49.6035,71.67,30,0,6.2,clear sky
375,Barro,BR,-6.7167,-38.8667,81.36,49,32,7.43,scattered clouds
376,Svetlogorsk,BY,52.6333,29.7333,47.41,97,22,9.53,few clouds
377,Naze,JP,28.3667,129.4833,79.72,82,91,11.86,overcast clouds
378,Port Hardy,CA,50.6996,-127.4199,55.58,94,90,8.05,light rain
379,Preobrazheniye,RU,42.9019,133.9064,62.65,77,95,3.6,overcast clouds
380,Petrykivka,UA,48.7298,34.6351,54.52,79,100,11.92,overcast clouds
381,Darhan,MN,49.4867,105.9228,41.7,66,19,4.34,few clouds
382,Adrar,MR,20.5022,-10.0711,92.03,24,98,5.28,overcast clouds
383,Katsuura,JP,35.1333,140.3,73.18,58,99,13.13,overcast clouds
384,Boende,CD,-0.2167,20.8667,68.61,98,60,0.78,broken clouds
385,Deputatskiy,RU,69.3,139.9,29.57,84,100,19.17,overcast clouds
386,Carutapera,BR,-1.195,-46.02,79.43,79,75,9.84,broken clouds
387,Sandwick,GB,60.0,-1.25,53.42,100,20,11.5,few clouds
388,Namibe,AO,-15.1961,12.1522,61.52,90,55,7.25,broken clouds
389,Naryan-Mar,RU,67.6713,53.087,43.05,84,100,16.11,overcast clouds
390,Atambua,ID,-9.1061,124.8925,85.98,48,87,2.55,overcast clouds
391,Smithers,CA,54.7804,-127.1743,53.92,82,75,3.44,broken clouds
392,Atar,MR,20.5169,-13.0499,92.25,27,18,4.88,few clouds
393,Jambi,ID,-1.6,103.6167,81.75,85,96,2.93,overcast clouds
394,Balagansk,RU,54.0103,103.0544,41.14,56,65,7.2,broken clouds
395,Yelan-Kolenovskiy,RU,51.1632,41.151,49.57,88,100,13.13,moderate rain
396,Aripuana,BR,-9.1667,-60.6333,75.81,77,50,2.68,scattered clouds
397,Geraldton,AU,-28.7667,114.6,68.41,52,75,14.97,broken clouds
398,Canarana,BR,-11.6847,-41.7689,67.41,74,21,10.67,few clouds
399,Northam,GB,51.0333,-4.2167,59.09,94,61,8.03,broken clouds
400,Biryusinsk,RU,55.9634,97.8235,38.64,68,93,5.61,overcast clouds
401,Njombe,TZ,-9.3333,34.7667,49.15,97,40,3.29,scattered clouds
402,Guilin,CN,25.2819,110.2864,86.11,66,0,0.83,clear sky
403,Nalut,LY,30.3333,10.85,77.95,39,2,9.89,clear sky
404,Livani,LV,56.3543,26.1758,45.95,95,7,8.84,clear sky
405,Touros,BR,-5.1989,-35.4608,77.9,78,28,15.97,scattered clouds
406,Bintulu,MY,3.1667,113.0333,86.41,79,40,2.3,scattered clouds
407,La Palma,US,33.8464,-118.0467,80.35,78,1,4.0,clear sky
408,Barcelos,PT,41.5388,-8.6151,64.54,96,77,3.89,broken clouds
409,Eyrarbakki,IS,63.863,-21.1481,42.21,76,100,22.86,light rain
410,Paralimni,CY,35.0375,33.9833,72.43,58,0,7.02,clear sky
411,Chengde,CN,40.9725,117.9361,62.76,87,100,2.42,light rain
412,Dauphin,CA,51.1494,-100.0502,62.74,51,90,6.91,light rain
413,Bettange-Sur-Mess,LU,49.5758,5.9839,60.6,93,18,6.91,few clouds
414,Changli,CN,39.7042,119.1506,67.73,91,100,5.73,overcast clouds
415,Adre,TD,13.4667,22.2,72.14,75,48,7.45,scattered clouds
416,Xiongzhou,CN,25.1167,114.3,92.23,51,21,1.39,few clouds
417,Teguldet,RU,57.3064,88.1667,36.99,98,100,7.07,overcast clouds
418,El Sauzal,MX,31.9,-116.6833,68.41,83,83,2.98,broken clouds
419,Avera,US,33.194,-82.5271,64.71,55,0,3.83,clear sky
420,Tabou,CI,4.423,-7.3528,76.5,89,100,9.48,moderate rain
421,Yei,SS,4.095,30.6779,63.19,94,97,2.68,overcast clouds
422,Bestobe,KZ,52.4994,73.0975,36.68,83,10,10.89,clear sky
423,Altus,US,34.6381,-99.334,77.07,38,1,6.91,clear sky
424,Brokopondo,SR,4.75,-55.1667,77.94,88,28,9.42,scattered clouds
425,Nadym,RU,65.5333,72.5167,32.45,79,3,5.79,clear sky
426,Bambanglipuro,ID,-7.95,110.2833,83.59,69,67,11.03,broken clouds
427,Opuwo,NA,-18.0607,13.84,70.61,25,1,5.88,clear sky
428,La Ronge,CA,55.1001,-105.2842,53.85,71,20,3.44,few clouds
429,Birjand,IR,32.8663,59.2211,54.07,11,0,6.91,clear sky
430,Healdsburg,US,38.6105,-122.8692,72.68,79,1,5.99,clear sky
431,Mauganj,IN,24.6833,81.8833,80.91,75,95,4.32,overcast clouds
432,Sayat,TM,38.7839,63.8803,62.47,15,0,2.84,clear sky
433,Lagos,NG,6.5833,3.75,73.72,94,100,1.92,overcast clouds
434,Casper,US,42.8666,-106.3131,68.72,19,1,5.01,clear sky
435,Balabac,PH,7.9868,117.0645,84.63,70,74,3.31,broken clouds
436,Sur,OM,22.5667,59.5289,84.4,62,94,5.75,overcast clouds
437,Cururupu,BR,-1.8283,-44.8683,77.67,84,91,5.44,overcast clouds
438,Kathmandu,NP,27.7167,85.3167,73.62,83,40,0.0,scattered clouds
439,Waipawa,NZ,-41.4122,175.5153,55.02,57,64,10.65,broken clouds
440,Kahului,US,20.8947,-156.47,85.26,78,20,24.16,few clouds
441,Tomari,RU,47.7658,142.0683,60.58,63,100,11.41,overcast clouds
442,Cadca,SK,49.435,18.789,58.5,92,3,2.64,clear sky
443,Noumea,NC,-22.2763,166.4572,76.98,58,4,16.6,clear sky
444,Bayir,TR,37.2687,28.2167,50.52,43,0,3.09,clear sky
445,Flin Flon,CA,54.7682,-101.865,49.5,83,5,4.92,clear sky
446,Kiruna,SE,67.8557,20.2251,31.12,93,47,4.61,scattered clouds
447,Biloela,AU,-24.4167,150.5,84.4,25,5,3.65,clear sky
448,Ewo,CG,-0.8725,14.8206,71.49,91,92,5.01,light rain
449,Indiaroba,BR,-11.5192,-37.5117,70.83,95,24,3.83,few clouds
450,Aldan,RU,58.6031,125.3894,43.48,61,90,4.68,overcast clouds
451,Riyadh,SA,24.6877,46.7219,78.94,26,0,5.86,clear sky
452,Tahe,CN,52.3333,124.7333,59.68,63,79,8.9,broken clouds
453,Lazaro Cardenas,MX,17.9583,-102.2,80.74,84,100,1.68,overcast clouds
454,Ambilobe,MG,-13.2,49.05,65.39,76,14,3.83,few clouds
455,Aljezur,PT,37.3191,-8.8033,62.82,91,98,2.75,overcast clouds
456,Marawi,PH,7.9986,124.2928,74.64,57,56,0.94,broken clouds
457,Camacha,PT,33.0833,-16.3333,67.42,73,20,5.75,few clouds
458,Asmar,AF,35.0333,71.3581,74.79,62,0,3.27,clear sky
459,Taranagar,IN,28.6709,75.0351,82.33,72,8,7.72,clear sky
460,Kristiinankaupunki,FI,62.2743,21.376,45.93,87,16,9.33,few clouds
461,Terrace,CA,54.5163,-128.6035,57.11,88,90,4.61,overcast clouds
462,The Valley,AI,18.217,-63.0578,83.82,75,7,11.9,clear sky
463,Kingori,TZ,-3.2833,36.9833,58.53,96,58,0.72,broken clouds
464,Coquimbo,CL,-29.9533,-71.3436,55.13,87,0,2.3,clear sky
465,Cabedelo,BR,-6.9811,-34.8339,75.87,84,23,13.24,few clouds
466,Rocha,UY,-34.4833,-54.3333,56.89,96,82,1.57,broken clouds
467,Bezhanitsy,RU,56.9767,29.8907,45.45,92,99,12.82,overcast clouds
468,Mocuba,MZ,-16.8392,36.9856,66.38,95,3,2.37,clear sky
469,Puerto Suarez,BO,-18.95,-57.8,84.49,31,19,1.66,few clouds
470,Luanshya,ZM,-13.1367,28.4166,63.72,43,7,6.06,clear sky
471,Zhicheng,CN,30.2956,111.5047,81.68,74,25,4.36,light rain
472,Matagami,CA,49.7502,-77.6328,50.11,100,90,9.22,mist
473,Musoma,TZ,-1.5,33.8,70.12,69,99,4.41,overcast clouds
474,Coahuayana,MX,18.7333,-103.6833,80.01,88,100,2.3,overcast clouds
475,Sisimiut,GL,66.9395,-53.6735,27.1,70,8,8.48,clear sky
476,Hot Springs,US,34.5037,-93.0552,69.51,58,1,0.0,clear sky
477,Srednekolymsk,RU,67.45,153.6833,35.76,81,100,14.81,overcast clouds
478,Aksu,CN,41.1231,80.2644,65.28,21,0,6.11,clear sky
479,Akyab,MM,20.15,92.9,81.86,81,85,8.39,overcast clouds
480,Rosarito,MX,32.3333,-117.0333,71.4,80,17,7.31,few clouds
481,Hvide Sande,DK,56.0045,8.1294,53.01,86,18,12.26,few clouds
482,Salalah,OM,17.0151,54.0924,82.49,78,75,3.44,broken clouds
483,Vila Franca Do Campo,PT,37.7167,-25.4333,72.19,90,100,9.55,overcast clouds
484,Churapcha,RU,62.0025,132.4325,39.85,74,100,4.32,overcast clouds
485,Kibala,TD,9.1104,18.3463,73.35,83,20,0.0,thunderstorm
486,Khani,GE,41.9563,42.9566,42.37,89,87,2.3,overcast clouds
487,Port-Gentil,GA,-0.7193,8.7815,76.66,89,100,11.48,moderate rain
488,Batagay-Alyta,RU,67.8006,130.4114,34.18,72,80,3.33,broken clouds
489,Ayaviri,PE,-14.8864,-70.5889,49.44,59,83,2.19,broken clouds
490,Saint-Vallier,FR,46.6411,4.3711,60.46,99,100,1.95,overcast clouds
491,Koumra,TD,8.9126,17.5539,71.17,96,95,3.24,overcast clouds
492,Jalingo,NG,8.8833,11.3667,72.93,97,100,3.33,overcast clouds
493,Lilongwe,MW,-13.9669,33.7873,66.51,58,1,3.11,clear sky
494,Carayao,PY,-25.1833,-56.4,65.35,38,0,4.05,clear sky
495,Dauriya,RU,49.9333,116.8667,59.79,84,100,13.0,light rain
496,Baruun-Urt,MN,46.6806,113.2792,59.2,78,100,13.98,overcast clouds
497,Chitipa,MW,-9.7024,33.2697,59.13,89,8,4.76,clear sky
498,Santa Maria,BR,-29.6842,-53.8069,54.7,100,0,2.3,clear sky
499,Quatre Cocos,MU,-20.2078,57.7625,71.71,76,23,16.44,few clouds
500,Baracoa,CU,20.3467,-74.4958,79.57,86,19,4.12,few clouds
501,Los Algarrobos,PA,8.5,-82.4333,82.45,94,20,2.3,few clouds
502,Abancay,PE,-13.6339,-72.8814,58.68,81,85,3.71,overcast clouds
503,Cobourg,DE,50.2667,10.9667,59.9,87,100,2.42,overcast clouds
504,Mayumba,GA,-3.432,10.6554,75.51,87,100,3.96,overcast clouds
505,Jieshi,CN,22.8134,115.8257,87.94,63,1,15.28,clear sky
506,Tres Lagoas,BR,-20.7511,-51.6783,82.51,30,70,6.29,broken clouds
507,Aktau,KZ,43.65,51.2,57.78,69,60,13.76,broken clouds
508,Chake Chake,TZ,-5.2459,39.7666,72.82,87,13,6.76,light rain
509,Mali,GN,12.079,-12.2982,61.07,89,99,1.57,overcast clouds
510,Loiza,PR,18.4313,-65.8802,84.18,82,40,6.91,scattered clouds
511,Fortuna,US,40.5982,-124.1573,62.42,59,40,5.01,scattered clouds
512,Bilibino,RU,68.0546,166.4372,30.87,91,100,10.94,light snow
513,Banjarmasin,ID,-3.3244,114.591,77.14,63,69,2.42,broken clouds
514,Pisco,PE,-13.7,-76.2167,62.02,88,77,13.8,broken clouds
515,Port Lincoln,AU,-34.7333,135.8667,56.95,62,56,16.37,broken clouds
516,Camopi,GF,3.1655,-52.3158,71.82,91,100,2.55,overcast clouds
517,Yumen,CN,40.2833,97.2,56.26,30,0,5.41,clear sky
518,Guerrero Negro,MX,27.9769,-114.0611,71.08,76,86,15.5,overcast clouds
519,Takoradi,GH,4.8845,-1.7554,75.52,90,100,5.55,light rain
520,Saint Johnsbury,US,44.4192,-72.0151,60.64,94,1,0.0,clear sky
521,Marsh Harbour,BS,26.5412,-77.0636,81.99,72,84,6.29,broken clouds
522,Gladstone,AU,-23.85,151.25,82.78,50,0,10.36,light rain
523,Boddam,GB,57.4667,-1.7833,61.18,95,11,15.61,few clouds
524,Conde,BR,-7.2597,-34.9075,74.66,94,75,6.91,broken clouds
525,Sabang,ID,5.8933,95.3214,81.16,77,100,17.58,light rain
526,Kloulklubed,PW,7.0419,134.2556,88.3,77,37,12.57,scattered clouds
527,Laguna,US,38.421,-121.4238,85.84,52,1,3.0,clear sky
528,Nome,US,64.5011,-165.4064,44.67,70,20,13.8,few clouds
529,Talakan,RU,50.3167,130.3667,63.95,50,11,3.13,few clouds
530,Iracoubo,GF,5.4802,-53.2011,80.15,83,13,8.39,few clouds
531,Tambura,SS,5.6,27.4667,66.18,98,100,2.59,overcast clouds
532,Rosa Zarate,EC,0.3333,-79.4667,72.36,94,70,3.18,broken clouds
533,Ardalstangen,NO,61.2371,7.6983,50.43,79,100,4.09,overcast clouds
534,Jiblah,YE,13.9216,44.1467,63.55,51,100,3.06,overcast clouds
535,Abha,SA,18.2164,42.5053,59.25,23,0,0.0,clear sky
536,Chateauroux,FR,46.8167,1.7,61.75,88,0,8.05,clear sky
537,Acarau,BR,-2.8856,-40.12,78.96,77,15,19.39,few clouds
538,Okha,RU,53.5739,142.9478,55.47,81,96,11.63,light rain
539,Kirksville,US,40.1948,-92.5833,62.06,54,1,5.75,clear sky
540,Chabahar,IR,25.2919,60.643,81.25,78,83,1.86,broken clouds
541,Tenenkou,ML,14.4572,-4.9169,84.15,46,27,4.7,scattered clouds
542,Olafsvik,IS,64.8945,-23.7142,41.77,80,100,41.99,overcast clouds
543,Sortavala,RU,61.7053,30.6918,46.47,93,100,9.31,overcast clouds
544,Fukue,JP,32.6881,128.8419,79.16,78,20,6.91,few clouds
545,Ilhabela,BR,-23.7781,-45.3581,66.47,91,45,2.26,scattered clouds
546,Teshie,GH,5.5836,-0.1072,73.96,94,0,5.75,light rain
547,Cedral,MX,23.8,-100.7333,68.38,64,74,15.55,broken clouds
548,Kosa,RU,59.9445,54.9977,43.29,92,100,9.8,overcast clouds
549,Gao,ML,16.6362,1.637,90.19,24,26,6.15,scattered clouds
550,Sena Madureira,BR,-9.0656,-68.6569,78.48,66,48,3.2,scattered clouds
551,Shimoda,JP,34.6667,138.95,71.96,76,100,15.03,light rain
552,Galesong,ID,-5.3166,119.3661,87.82,62,56,2.24,broken clouds
553,Presidencia Roque Saenz Pena,AR,-26.7852,-60.4388,63.55,50,0,6.02,clear sky
554,Namatanai,PG,-3.6667,152.4333,83.59,75,68,7.38,light rain
555,Tarazona,ES,41.9,-1.7333,59.59,66,46,8.3,scattered clouds
556,Utete,TZ,-7.986,38.758,70.2,90,70,2.08,broken clouds
557,West Bay,KY,19.3667,-81.4167,84.27,79,20,1.01,few clouds
558,Kismayo,SO,-0.3582,42.5454,77.47,74,75,15.48,broken clouds
559,Mpulungu,ZM,-8.7623,31.1141,73.31,53,7,7.54,clear sky
560,Inuvik,CA,68.3499,-133.7218,34.56,93,90,11.5,light shower snow
561,Fuyang,CN,32.9,115.8167,78.85,79,71,3.49,broken clouds
562,Yaring,TH,6.8662,101.3689,85.14,80,97,1.48,overcast clouds
563,Bardoli,IN,21.1167,73.1167,78.55,91,100,4.41,overcast clouds
564,Malkangiri,IN,18.35,81.9,78.57,90,100,1.48,overcast clouds
565,Rio Grande,BR,-32.035,-52.0986,58.95,92,0,0.63,clear sky
566,Lyaskelya,RU,61.7667,31.0167,45.99,94,100,7.56,overcast clouds
567,Qaqortoq,GL,60.7167,-46.0333,34.3,63,1,7.99,clear sky
568,Fengrun,CN,39.8333,118.1167,69.75,93,100,4.63,overcast clouds
569,Prince Rupert,CA,54.3161,-130.3201,51.89,82,90,3.44,overcast clouds
570,Aykhal,RU,66.0,111.5,35.71,55,8,10.2,clear sky
571,Bitung,ID,1.4451,125.1824,90.45,71,100,12.48,overcast clouds
572,Huescar,ES,37.811,-2.5412,58.26,70,0,3.2,clear sky
573,San Lazaro,BZ,18.0387,-88.6622,75.18,91,100,4.94,overcast clouds
574,Liwonde,MW,-15.0506,35.2035,69.6,67,6,2.53,clear sky
575,Aras,ES,42.5617,-2.356,59.05,97,0,4.61,clear sky
576,Bambous Virieux,MU,-20.3428,57.7575,71.85,78,75,13.8,broken clouds
577,Canto Do Buriti,BR,-8.11,-42.9444,80.67,39,0,5.03,clear sky
578,Broome,US,42.2506,-75.833,61.92,73,40,5.75,scattered clouds
579,Ous,RU,60.9058,61.5186,31.23,87,99,8.12,overcast clouds
580,La Rioja,ES,42.25,-2.5,54.48,83,7,6.53,clear sky
581,Fez,MA,34.0372,-4.9998,61.05,72,0,4.61,clear sky
582,Xinzhou,CN,38.4092,112.7333,57.4,92,100,1.45,overcast clouds
583,Nemuro,JP,43.3236,145.575,66.63,72,89,3.76,overcast clouds
584,Bonavista,CA,48.6499,-53.1147,48.11,80,100,16.67,overcast clouds
585,Nuevitas,CU,21.5453,-77.2644,76.44,86,67,6.15,broken clouds
586,Maniitsoq,GL,65.4167,-52.9,31.17,55,0,7.16,clear sky
587,Lompoc,US,34.6391,-120.4579,65.79,88,75,8.05,broken clouds
588,Labuhan,ID,-6.8844,112.2051,84.45,70,94,5.61,overcast clouds
589,Birecik,TR,37.0294,37.9903,62.24,40,0,6.87,clear sky
590,Desbiens,CA,48.4178,-71.9495,57.72,80,100,8.12,overcast clouds
591,Kobryn,BY,52.2138,24.3564,49.44,93,11,6.73,few clouds
592,Fare,PF,-16.7,-151.0167,79.07,73,4,6.6,light rain
593,Meulaboh,ID,4.1363,96.1285,78.55,85,100,8.77,overcast clouds
594,Rognan,NO,67.0953,15.3878,45.05,92,100,5.19,overcast clouds
595,Hokitika,NZ,-42.7167,170.9667,51.93,56,1,11.65,clear sky
596,Krasnogvardeyets,RU,52.6804,52.3635,46.47,87,97,7.65,overcast clouds
597,Ballina,AU,-28.8667,153.5667,71.78,83,90,9.22,light rain
598,Katherine,AU,-14.4667,132.2667,91.72,31,21,5.75,few clouds
599,Toba,JP,34.4833,136.85,66.29,83,100,22.7,overcast clouds
600,Mabaruma,GY,8.2,-59.7833,77.5,85,24,3.76,few clouds
601,Murdochville,CA,48.9583,-65.5006,49.08,96,100,3.98,overcast clouds
602,Kargat,RU,55.1956,80.2811,33.84,80,99,12.86,overcast clouds
603,Mata,PT,40.683,-7.4592,55.92,93,76,3.62,broken clouds
604,Ukiah,US,39.1502,-123.2078,78.69,53,1,6.91,clear sky
605,Letterkenny,IE,54.95,-7.7333,58.3,91,93,12.26,overcast clouds
606,Denpasar,ID,-8.65,115.2167,82.06,78,20,13.8,few clouds
607,Moose Factory,CA,51.2585,-80.6094,50.0,87,90,9.22,light rain
608,Jacksonville Beach,US,30.2947,-81.3931,76.05,74,20,5.75,few clouds
609,Helsinge,DK,56.0228,12.1975,47.88,85,89,4.72,overcast clouds
610,Zhigansk,RU,66.7697,123.3711,36.77,72,27,15.84,scattered clouds
611,Tashara,RU,55.5195,83.5094,33.24,98,100,9.48,light snow
612,Atasu,KZ,48.6814,71.6433,46.8,22,98,6.71,overcast clouds
613,Sandovo,RU,58.4602,36.4128,45.59,97,100,4.36,overcast clouds
614,Bosaso,SO,11.2842,49.1816,89.96,44,78,9.8,broken clouds
615,Kaeo,NZ,-35.1,173.7833,59.79,84,100,5.79,overcast clouds
616,Ginda,IN,30.6945,78.4932,63.0,74,0,4.38,clear sky
617,Sorland,NO,67.667,12.6934,49.35,76,100,19.28,light rain
618,Hukuntsi,BW,-24.0,21.75,65.23,23,7,6.22,clear sky
619,Ambon,ID,-3.6954,128.1814,82.54,89,40,3.44,heavy intensity rain
620,Tabuk,PH,17.4189,121.4443,85.01,70,37,3.69,scattered clouds
621,Itoman,JP,26.1247,127.6694,89.62,66,40,9.22,scattered clouds
622,Saint-Georges,GD,12.0564,-61.7485,82.02,76,24,7.47,few clouds
623,Wilmington,US,34.2257,-77.9447,68.86,90,1,0.0,clear sky
624,Kununurra,AU,-15.7667,128.7333,91.38,33,0,6.91,clear sky
625,Xuddur,SO,4.1213,43.8894,70.54,84,96,13.96,overcast clouds
626,Port Moresby,PG,-9.4431,147.1797,87.22,70,40,17.27,scattered clouds
627,Gilgit,PK,35.9221,74.3087,74.79,32,0,1.48,clear sky
628,Fayetteville,US,35.0527,-78.8784,65.88,85,1,1.01,clear sky
629,Iskateley,RU,67.6803,53.1512,42.94,84,100,16.15,overcast clouds
630,Mantua,IT,45.1667,10.7833,70.75,84,27,3.0,scattered clouds
631,Gat,IL,31.61,34.7642,72.39,62,0,4.05,clear sky
632,Xinqing,CN,48.2333,129.5,65.23,55,0,2.24,clear sky
633,Ramanuj Ganj,IN,23.8,83.7,78.12,83,23,1.54,few clouds
634,Katangli,RU,51.7102,143.2326,62.64,60,22,15.14,few clouds
635,Brasilia De Minas,BR,-16.2064,-44.4333,74.57,44,3,9.53,clear sky
636,Zhezkazgan,KZ,47.8043,67.7144,50.77,27,100,15.59,overcast clouds
637,Dukat,RU,62.55,155.55,34.3,85,100,11.34,overcast clouds
638,Dicabisagan,PH,17.0818,122.4157,85.44,72,100,7.58,overcast clouds
639,Kenai,US,60.5544,-151.2583,45.09,69,1,8.05,clear sky
640,Gornopravdinsk,RU,60.05,69.9,30.0,87,11,4.38,few clouds
641,Tual,ID,-5.6667,132.75,81.19,80,89,15.39,light rain
642,Ovalle,CL,-30.5983,-71.2003,59.18,69,0,1.66,clear sky
643,Samarai,PG,-10.6167,150.6667,80.37,86,39,11.61,scattered clouds
644,Jaru,BR,-10.4389,-62.4664,81.57,58,15,3.6,few clouds
645,Russell,US,32.3502,-85.1999,65.8,93,1,0.0,clear sky
646,Novoselytsya,UA,48.2193,26.2653,63.97,70,45,4.85,scattered clouds
647,Petrokhorion,GR,41.1167,24.8333,65.93,47,0,3.85,clear sky
648,Ugoofaaru,MV,5.6667,73.0,79.9,84,100,24.25,heavy intensity rain
649,Somerset,US,40.5668,-74.5496,67.15,90,1,1.01,clear sky
650,Gubkinskiy,RU,64.434,76.5026,32.38,82,15,8.05,few clouds
651,Bolondron,CU,22.7633,-81.4469,77.2,89,26,4.85,scattered clouds
652,Same,TZ,-4.0667,37.7333,62.6,91,11,1.32,few clouds
653,Kendari,ID,-3.945,122.4989,86.27,59,32,1.43,scattered clouds
654,Dolores,AR,-36.3132,-57.6792,52.39,96,0,7.36,clear sky
655,Minab,IR,27.1467,57.0801,85.5,71,3,3.18,clear sky
656,Watertown,US,42.3709,-71.1828,67.69,86,90,4.0,overcast clouds
657,Altamira,BR,-3.2033,-52.2064,76.57,70,11,1.48,few clouds
658,Puerto Baquerizo Moreno,EC,-0.9,-89.6,69.08,89,40,10.22,scattered clouds
659,Qazvin,IR,36.2797,50.0049,55.02,47,0,2.3,clear sky
660,Mehran,IR,33.1222,46.1646,75.72,31,0,10.54,clear sky
661,Zlitan,LY,32.4674,14.5687,72.45,69,0,9.48,clear sky
662,Riohacha,CO,11.5444,-72.9072,81.03,82,28,10.49,scattered clouds
663,Alice Springs,AU,-23.7,133.8833,80.15,12,0,13.8,clear sky
664,Victoria Point,AU,-27.5833,153.3,80.44,61,100,8.01,overcast clouds
665,Mantiquil,PH,9.1667,123.05,81.45,72,91,1.86,overcast clouds
666,Yantal,RU,56.8471,105.2542,35.02,87,100,6.17,light rain
667,Dibulla,CO,11.2725,-73.3091,79.43,86,100,6.46,overcast clouds
668,Otjimbingwe,NA,-22.35,16.1333,72.5,23,10,3.42,clear sky
669,Kashi,CN,39.4547,75.9797,65.41,25,0,8.95,clear sky
670,Nishihara,JP,26.1842,127.7558,88.88,66,40,9.22,scattered clouds
671,Sioux Lookout,CA,50.1001,-91.917,53.67,71,90,3.44,overcast clouds
672,Almaty,KZ,43.25,76.95,46.31,46,3,2.24,clear sky
673,Gazli,UZ,40.1333,63.45,74.5,14,0,5.3,clear sky
674,Valdivia,CL,-39.8142,-73.2459,41.09,98,1,1.28,clear sky
675,Isangel,VU,-19.55,169.2667,75.67,57,5,10.0,clear sky
676,Moranbah,AU,-22.0016,148.0466,83.77,23,0,10.18,clear sky
677,Nizhniy Odes,RU,63.6445,54.856,39.56,91,100,11.18,overcast clouds
678,Hami,CN,42.8,93.45,59.52,20,0,9.35,clear sky
679,Verkh-Usugli,RU,52.7,115.1667,51.8,88,96,5.82,light rain
680,Praya,CV,14.9215,-23.5087,77.54,78,40,10.36,scattered clouds
681,San Policarpo,PH,12.1791,125.5072,84.49,71,98,1.7,overcast clouds
682,Araouane,ML,18.9048,-3.5265,93.79,16,24,4.99,few clouds
683,Port Macquarie,AU,-31.4333,152.9167,60.76,83,100,13.09,overcast clouds
684,Pitea,SE,65.3172,21.4794,38.08,90,89,3.89,overcast clouds
685,Port Hedland,AU,-20.3167,118.5667,89.65,19,0,8.05,clear sky
686,Amarillo,US,35.222,-101.8313,75.04,36,1,4.0,clear sky
687,Kabanjahe,ID,3.1001,98.4908,65.16,79,80,2.28,broken clouds
688,Necochea,AR,-38.5473,-58.7368,56.03,92,87,13.24,overcast clouds
689,Bell Ville,AR,-32.6259,-62.6887,61.66,55,0,9.62,clear sky
690,Niquelandia,BR,-14.4739,-48.4597,76.1,64,73,4.52,broken clouds
691,Pangai,TO,-19.8,-174.35,72.54,60,98,11.72,overcast clouds
